Score,University,Without quota,Speciality
133,5,1,5B010300
131,7,1,5B010300
130,5,1,5B010300
129,5,1,5B010300
128,517,1,5B010300
127,27,1,5B010300
127,7,1,5B010300
127,516,1,5B010300
127,27,1,5B010300
127,5,1,5B010300
125,27,1,5B010300
125,13,1,5B010300
125,27,1,5B010300
125,7,1,5B010300
124,7,1,5B010300
124,27,1,5B010300
124,27,1,5B010300
123,27,1,5B010300
123,27,1,5B010300
123,27,1,5B010300
123,13,1,5B010300
123,3,1,5B010300
123,27,1,5B010300
123,27,1,5B010300
123,35,1,5B010300
122,27,1,5B010300
122,27,1,5B010300
122,27,1,5B010300
122,5,1,5B010300
122,27,1,5B010300
121,27,1,5B010300
121,27,1,5B010300
121,3,1,5B010300
120,7,0,5B010300
120,27,0,5B010300
119,27,0,5B010300
119,27,0,5B010300
119,5,0,5B010300
119,25,0,5B010300
118,27,0,5B010300
118,27,0,5B010300
118,27,0,5B010300
118,27,0,5B010300
118,7,0,5B010300
116,27,0,5B010300
116,3,0,5B010300
115,7,0,5B010300
122,8,1,5B010300
115,8,1,5B010300
110,8,1,5B010300
108,8,0,5B010300
104,8,0,5B010300
97,8,0,5B010300
91,8,0,5B010300
91,8,0,5B010300
87,8,0,5B010300
128,16,1,5B010300
114,16,1,5B010300
112,16,1,5B010300
107,16,0,5B010300
105,16,0,5B010300
101,31,1,5B010300
99,31,1,5B010300
97,31,1,5B010300
94,31,0,5B010300
93,31,0,5B010300
108,34,1,5B010300
95,34,1,5B010300
93,34,1,5B010300
81,34,0,5B010300
81,34,0,5B010300
129,45,1,5B010300
120,45,1,5B010300
113,45,1,5B010300
112,45,0,5B010300
109,45,0,5B010300
129,196,1,5B010300
125,196,1,5B010300
118,196,1,5B010300
115,196,0,5B010300
112,196,0,5B010300
112,515,1,5B010300
111,515,1,5B010300
110,515,1,5B010300
106,515,0,5B010300
102,515,0,5B010300
99,515,0,5B010300
99,515,0,5B010300
98,515,0,5B010300
116,7,1,5B010100
115,7,1,5B010100
115,7,1,5B010100
115,7,1,5B010100
114,13,1,5B010100
113,25,1,5B010100
113,7,1,5B010100
113,13,1,5B010100
112,7,1,5B010100
111,7,1,5B010100
111,25,1,5B010100
111,25,1,5B010100
111,7,1,5B010100
111,7,1,5B010100
110,7,1,5B010100
110,25,1,5B010100
110,7,1,5B010100
109,13,1,5B010100
109,7,1,5B010100
108,7,1,5B010100
108,25,1,5B010100
107,13,1,5B010100
107,13,1,5B010100
107,7,1,5B010100
107,7,1,5B010100
107,416,1,5B010100
107,7,1,5B010100
107,7,1,5B010100
107,5,1,5B010100
107,7,1,5B010100
106,7,1,5B010100
106,7,1,5B010100
106,7,1,5B010100
106,7,1,5B010100
106,7,1,5B010100
106,25,1,5B010100
105,7,1,5B010100
105,25,1,5B010100
105,25,1,5B010100
105,5,1,5B010100
105,7,1,5B010100
105,25,1,5B010100
105,7,1,5B010100
105,7,1,5B010100
105,13,1,5B010100
105,7,1,5B010100
105,7,1,5B010100
104,13,1,5B010100
104,25,1,5B010100
104,7,1,5B010100
104,25,1,5B010100
104,7,1,5B010100
104,25,1,5B010100
104,7,1,5B010100
104,13,1,5B010100
104,223,1,5B010100
104,7,1,5B010100
103,25,1,5B010100
103,7,1,5B010100
103,25,1,5B010100
103,7,1,5B010100
103,7,1,5B010100
103,13,1,5B010100
102,25,1,5B010100
102,7,1,5B010100
102,13,1,5B010100
102,7,1,5B010100
102,7,1,5B010100
102,25,1,5B010100
102,25,1,5B010100
101,25,1,5B010100
101,7,1,5B010100
101,7,1,5B010100
101,7,1,5B010100
101,7,1,5B010100
101,7,1,5B010100
101,7,1,5B010100
101,7,1,5B010100
101,25,0,5B010100
100,13,0,5B010100
100,7,0,5B010100
100,7,0,5B010100
100,7,0,5B010100
100,25,0,5B010100
100,7,0,5B010100
100,7,0,5B010100
100,7,0,5B010100
100,13,0,5B010100
99,5,0,5B010100
99,7,0,5B010100
99,7,0,5B010100
99,5,0,5B010100
98,25,0,5B010100
98,7,0,5B010100
98,7,0,5B010100
98,7,0,5B010100
98,47,0,5B010100
98,25,0,5B010100
98,5,0,5B010100
97,25,0,5B010100
97,7,0,5B010100
97,25,0,5B010100
97,7,0,5B010100
97,7,0,5B010100
97,5,0,5B010100
97,5,0,5B010100
97,5,0,5B010100
96,7,0,5B010100
96,7,0,5B010100
96,5,0,5B010100
96,7,0,5B010100
96,25,0,5B010100
96,25,0,5B010100
96,25,0,5B010100
118,5,1,5B010100
118,5,1,5B010100
114,5,1,5B010100
111,5,1,5B010100
110,5,1,5B010100
109,5,1,5B010100
109,5,1,5B010100
108,5,1,5B010100
108,5,1,5B010100
107,5,1,5B010100
107,5,1,5B010100
106,5,0,5B010100
105,5,0,5B010100
104,5,0,5B010100
103,5,0,5B010100
102,5,0,5B010100
102,5,0,5B010100
101,5,0,5B010100
103,8,1,5B010100
96,8,1,5B010100
93,8,1,5B010100
90,8,1,5B010100
86,8,1,5B010100
85,8,1,5B010100
79,8,1,5B010100
72,8,1,5B010100
71,8,1,5B010100
70,8,1,5B010100
67,8,1,5B010100
66,8,1,5B010100
65,8,1,5B010100
65,8,1,5B010100
65,8,1,5B010100
64,8,1,5B010100
63,8,1,5B010100
63,8,0,5B010100
63,8,0,5B010100
61,8,0,5B010100
,,,
137,302,1,5B070300
137,27,1,5B070300
136,302,1,5B070300
136,302,1,5B070300
135,302,1,5B070300
135,13,1,5B070300
135,27,1,5B070300
134,27,1,5B070300
134,302,1,5B070300
134,27,1,5B070300
134,27,1,5B070300
134,302,1,5B070300
134,13,1,5B070300
134,27,1,5B070300
133,57,1,5B070300
133,27,1,5B070300
133,69,1,5B070300
133,27,1,5B070300
133,27,1,5B070300
133,302,1,5B070300
133,27,1,5B070300
133,27,1,5B070300
133,13,1,5B070300
133,27,1,5B070300
133,27,1,5B070300
132,27,1,5B070300
132,302,1,5B070300
132,302,1,5B070300
132,69,1,5B070300
132,24,1,5B070300
131,42,1,5B070300
131,27,1,5B070300
131,302,1,5B070300
131,302,1,5B070300
131,302,1,5B070300
131,27,1,5B070300
131,13,1,5B070300
131,2,1,5B070300
131,162,1,5B070300
131,27,1,5B070300
130,302,1,5B070300
130,302,1,5B070300
130,302,1,5B070300
130,13,1,5B070300
130,13,1,5B070300
130,45,1,5B070300
130,302,1,5B070300
130,27,1,5B070300
130,302,1,5B070300
130,302,1,5B070300
130,302,1,5B070300
130,45,1,5B070300
129,13,1,5B070300
129,27,1,5B070300
129,27,1,5B070300
129,302,1,5B070300
129,302,1,5B070300
129,27,1,5B070300
129,57,1,5B070300
129,27,1,5B070300
129,13,1,5B070300
129,302,1,5B070300
129,302,1,5B070300
129,45,1,5B070300
129,13,1,5B070300
129,27,1,5B070300
129,302,1,5B070300
129,27,1,5B070300
129,13,1,5B070300
129,24,1,5B070300
129,27,1,5B070300
128,21,1,5B070300
128,27,1,5B070300
128,27,1,5B070300
128,13,1,5B070300
128,13,1,5B070300
128,27,1,5B070300
128,13,1,5B070300
128,27,1,5B070300
128,13,1,5B070300
128,302,1,5B070300
128,27,1,5B070300
128,27,1,5B070300
128,27,1,5B070300
128,45,1,5B070300
128,27,1,5B070300
128,302,1,5B070300
128,42,1,5B070300
128,13,1,5B070300
128,27,1,5B070300
128,302,1,5B070300
128,27,1,5B070300
128,302,1,5B070300
128,13,1,5B070300
127,27,1,5B070300
127,302,1,5B070300
127,12,1,5B070300
127,302,1,5B070300
127,27,1,5B070300
127,13,1,5B070300
127,57,1,5B070300
127,29,1,5B070300
127,302,1,5B070300
127,302,1,5B070300
127,302,1,5B070300
127,302,1,5B070300
127,27,1,5B070300
127,16,1,5B070300
127,13,1,5B070300
127,302,1,5B070300
127,27,1,5B070300
127,13,1,5B070300
127,302,1,5B070300
127,13,1,5B070300
127,27,1,5B070300
127,302,1,5B070300
127,302,1,5B070300
127,27,1,5B070300
127,27,1,5B070300
127,27,1,5B070300
127,13,1,5B070300
127,27,1,5B070300
127,45,1,5B070300
127,43,1,5B070300
127,43,1,5B070300
127,10,1,5B070300
126,27,1,5B070300
126,302,1,5B070300
126,302,1,5B070300
126,302,1,5B070300
126,302,1,5B070300
126,302,1,5B070300
126,27,1,5B070300
126,302,1,5B070300
126,302,1,5B070300
126,12,1,5B070300
126,27,1,5B070300
126,302,1,5B070300
126,27,1,5B070300
126,302,1,5B070300
126,302,1,5B070300
126,42,1,5B070300
126,302,1,5B070300
126,302,1,5B070300
126,27,1,5B070300
126,13,1,5B070300
126,27,1,5B070300
126,302,1,5B070300
126,302,1,5B070300
126,302,1,5B070300
126,302,1,5B070300
126,27,1,5B070300
126,57,1,5B070300
126,57,1,5B070300
126,27,1,5B070300
126,302,1,5B070300
126,29,1,5B070300
126,13,1,5B070300
126,27,1,5B070300
125,57,1,5B070300
125,93,1,5B070300
125,302,1,5B070300
125,27,1,5B070300
125,27,1,5B070300
125,302,1,5B070300
125,13,1,5B070300
125,302,1,5B070300
125,302,1,5B070300
125,36,1,5B070300
125,302,1,5B070300
125,302,1,5B070300
125,27,1,5B070300
125,13,1,5B070300
125,27,1,5B070300
125,16,1,5B070300
125,2,1,5B070300
125,29,1,5B070300
125,302,1,5B070300
125,27,1,5B070300
125,29,1,5B070300
125,57,1,5B070300
125,302,1,5B070300
125,302,1,5B070300
125,43,1,5B070300
125,27,1,5B070300
125,29,1,5B070300
125,5,1,5B070300
125,12,1,5B070300
125,27,1,5B070300
125,36,1,5B070300
125,3,1,5B070300
125,10,1,5B070300
124,27,1,5B070300
124,27,1,5B070300
124,83,1,5B070300
124,302,1,5B070300
124,302,1,5B070300
124,13,1,5B070300
124,49,1,5B070300
124,27,1,5B070300
124,302,1,5B070300
124,302,1,5B070300
124,302,1,5B070300
124,45,1,5B070300
124,302,1,5B070300
124,27,1,5B070300
124,32,1,5B070300
124,38,1,5B070300
124,45,1,5B070300
124,29,1,5B070300
124,45,1,5B070300
124,302,1,5B070300
124,7,1,5B070300
124,302,1,5B070300
124,13,1,5B070300
124,36,1,5B070300
124,302,1,5B070300
124,13,1,5B070300
124,27,1,5B070300
124,5,1,5B070300
124,302,1,5B070300
124,69,1,5B070300
124,57,1,5B070300
124,13,1,5B070300
124,45,1,5B070300
123,27,1,5B070300
123,27,1,5B070300
123,302,1,5B070300
123,302,1,5B070300
123,27,1,5B070300
123,27,1,5B070300
123,27,1,5B070300
123,13,1,5B070300
123,29,1,5B070300
123,45,1,5B070300
123,13,1,5B070300
123,13,1,5B070300
123,302,1,5B070300
123,302,1,5B070300
123,27,1,5B070300
123,302,1,5B070300
123,302,1,5B070300
123,69,1,5B070300
123,13,1,5B070300
123,27,1,5B070300
123,45,1,5B070300
123,302,1,5B070300
123,13,1,5B070300
123,302,1,5B070300
123,302,1,5B070300
123,302,1,5B070300
123,27,1,5B070300
123,302,1,5B070300
123,27,1,5B070300
123,27,1,5B070300
123,27,1,5B070300
123,13,1,5B070300
123,27,1,5B070300
123,42,1,5B070300
123,302,1,5B070300
123,302,1,5B070300
123,9,1,5B070300
123,302,1,5B070300
123,27,1,5B070300
123,302,1,5B070300
123,13,1,5B070300
123,302,1,5B070300
123,32,1,5B070300
123,302,1,5B070300
123,57,1,5B070300
123,302,1,5B070300
123,69,1,5B070300
123,45,1,5B070300
123,12,1,5B070300
123,45,1,5B070300
123,302,1,5B070300
123,27,1,5B070300
122,27,1,5B070300
122,27,1,5B070300
122,302,1,5B070300
122,13,1,5B070300
122,302,1,5B070300
122,27,1,5B070300
122,302,1,5B070300
122,27,1,5B070300
122,27,1,5B070300
122,69,1,5B070300
122,302,1,5B070300
122,27,1,5B070300
122,13,1,5B070300
122,27,1,5B070300
122,13,1,5B070300
122,302,1,5B070300
122,302,1,5B070300
122,27,1,5B070300
122,27,1,5B070300
122,42,1,5B070300
122,83,1,5B070300
122,302,1,5B070300
122,32,1,5B070300
122,19,1,5B070300
122,146,1,5B070300
122,27,1,5B070300
122,27,1,5B070300
122,302,1,5B070300
122,2,1,5B070300
122,38,1,5B070300
122,302,1,5B070300
122,83,1,5B070300
122,13,1,5B070300
122,302,1,5B070300
122,302,1,5B070300
122,302,1,5B070300
122,57,1,5B070300
122,13,1,5B070300
122,34,1,5B070300
122,302,1,5B070300
122,21,1,5B070300
122,45,1,5B070300
122,19,1,5B070300
122,27,1,5B070300
121,27,1,5B070300
121,13,1,5B070300
121,5,1,5B070300
121,302,1,5B070300
121,302,1,5B070300
121,302,1,5B070300
121,302,1,5B070300
121,302,1,5B070300
121,302,1,5B070300
121,27,1,5B070300
121,13,1,5B070300
121,13,1,5B070300
121,302,1,5B070300
121,27,1,5B070300
121,27,1,5B070300
121,57,1,5B070300
121,13,1,5B070300
121,13,1,5B070300
121,27,1,5B070300
121,302,1,5B070300
121,302,1,5B070300
121,302,1,5B070300
121,27,1,5B070300
121,27,1,5B070300
121,302,1,5B070300
121,302,1,5B070300
121,302,1,5B070300
121,302,1,5B070300
121,45,1,5B070300
121,302,1,5B070300
121,27,1,5B070300
121,302,1,5B070300
121,42,1,5B070300
121,27,1,5B070300
121,27,1,5B070300
121,27,1,5B070300
121,27,1,5B070300
121,302,1,5B070300
121,36,1,5B070300
121,57,1,5B070300
121,27,1,5B070300
121,57,1,5B070300
121,93,1,5B070300
121,13,1,5B070300
120,302,1,5B070300
120,57,1,5B070300
120,302,1,5B070300
120,13,1,5B070300
120,302,1,5B070300
120,302,1,5B070300
120,302,1,5B070300
120,302,1,5B070300
120,302,1,5B070300
120,27,1,5B070300
120,29,1,5B070300
120,27,1,5B070300
120,302,1,5B070300
120,302,1,5B070300
120,13,1,5B070300
120,27,1,5B070300
120,13,1,5B070300
120,302,1,5B070300
120,302,1,5B070300
120,302,1,5B070300
120,302,1,5B070300
120,302,1,5B070300
120,69,1,5B070300
120,13,1,5B070300
120,27,1,5B070300
120,45,1,5B070300
120,302,1,5B070300
120,13,1,5B070300
120,302,1,5B070300
120,302,1,5B070300
120,27,1,5B070300
120,27,1,5B070300
120,69,1,5B070300
120,13,1,5B070300
120,29,1,5B070300
120,43,1,5B070300
120,302,1,5B070300
120,57,1,5B070300
120,27,1,5B070300
120,13,1,5B070300
120,27,1,5B070300
120,45,1,5B070300
120,24,1,5B070300
120,38,1,5B070300
120,13,1,5B070300
120,13,1,5B070300
119,302,1,5B070300
119,302,1,5B070300
119,32,1,5B070300
119,27,1,5B070300
119,13,1,5B070300
119,12,1,5B070300
119,27,1,5B070300
119,13,1,5B070300
119,13,1,5B070300
119,302,1,5B070300
119,83,1,5B070300
119,302,1,5B070300
119,27,1,5B070300
119,302,1,5B070300
119,69,1,5B070300
119,27,1,5B070300
119,302,1,5B070300
119,27,1,5B070300
119,57,1,5B070300
119,302,1,5B070300
119,302,1,5B070300
119,57,1,5B070300
119,69,1,5B070300
119,57,1,5B070300
119,27,1,5B070300
119,302,1,5B070300
119,45,1,5B070300
119,69,1,5B070300
119,2,1,5B070300
119,42,1,5B070300
119,27,1,5B070300
119,13,1,5B070300
119,25,1,5B070300
119,2,1,5B070300
119,13,1,5B070300
119,302,1,5B070300
119,302,1,5B070300
119,27,1,5B070300
119,27,1,5B070300
119,27,1,5B070300
119,43,1,5B070300
119,43,1,5B070300
119,13,1,5B070300
119,27,1,5B070300
119,57,1,5B070300
119,7,1,5B070300
119,24,1,5B070300
118,27,1,5B070300
118,302,1,5B070300
118,29,1,5B070300
118,40,1,5B070300
118,13,1,5B070300
118,302,1,5B070300
118,302,1,5B070300
118,302,1,5B070300
118,13,1,5B070300
118,57,1,5B070300
118,13,1,5B070300
118,13,1,5B070300
118,29,1,5B070300
118,3,1,5B070300
118,302,1,5B070300
118,302,1,5B070300
118,27,1,5B070300
118,302,1,5B070300
118,302,1,5B070300
118,302,1,5B070300
118,45,1,5B070300
118,57,1,5B070300
118,302,1,5B070300
118,57,1,5B070300
118,13,1,5B070300
118,27,1,5B070300
118,302,1,5B070300
118,13,1,5B070300
118,302,1,5B070300
118,302,1,5B070300
118,45,1,5B070300
118,302,1,5B070300
118,302,1,5B070300
118,13,1,5B070300
118,302,1,5B070300
118,13,1,5B070300
118,302,1,5B070300
118,24,1,5B070300
118,13,1,5B070300
118,2,1,5B070300
118,57,1,5B070300
118,53,1,5B070300
118,13,1,5B070300
118,302,1,5B070300
118,45,1,5B070300
118,57,1,5B070300
118,302,1,5B070300
118,45,1,5B070300
118,36,1,5B070300
118,13,1,5B070300
118,57,1,5B070300
118,13,1,5B070300
118,27,1,5B070300
118,302,1,5B070300
118,37,1,5B070300
118,27,1,5B070300
118,45,1,5B070300
117,12,1,5B070300
117,13,1,5B070300
117,5,1,5B070300
117,45,1,5B070300
117,302,1,5B070300
117,302,1,5B070300
117,29,1,5B070300
117,302,1,5B070300
117,302,1,5B070300
117,12,1,5B070300
117,2,1,5B070300
117,27,1,5B070300
117,302,1,5B070300
117,182,1,5B070300
117,29,1,5B070300
117,302,1,5B070300
117,7,1,5B070300
117,302,1,5B070300
117,27,1,5B070300
117,29,1,5B070300
117,302,1,5B070300
117,27,1,5B070300
117,302,1,5B070300
117,5,1,5B070300
117,27,1,5B070300
117,13,1,5B070300
117,29,1,5B070300
117,13,1,5B070300
117,27,1,5B070300
117,13,1,5B070300
117,13,1,5B070300
117,69,1,5B070300
117,27,1,5B070300
117,31,1,5B070300
117,13,1,5B070300
117,45,1,5B070300
117,501,1,5B070300
117,83,1,5B070300
117,302,1,5B070300
117,69,1,5B070300
117,19,1,5B070300
117,29,1,5B070300
117,45,1,5B070300
117,38,1,5B070300
117,7,1,5B070300
117,27,1,5B070300
117,302,1,5B070300
117,45,1,5B070300
116,302,1,5B070300
116,302,1,5B070300
116,27,1,5B070300
116,27,1,5B070300
116,302,1,5B070300
116,27,1,5B070300
116,27,1,5B070300
116,27,1,5B070300
116,27,1,5B070300
116,302,1,5B070300
116,302,1,5B070300
116,13,1,5B070300
116,302,1,5B070300
116,302,1,5B070300
116,27,1,5B070300
116,45,1,5B070300
116,302,1,5B070300
116,302,1,5B070300
116,302,1,5B070300
116,29,1,5B070300
116,45,1,5B070300
116,29,1,5B070300
116,32,1,5B070300
116,27,1,5B070300
116,27,1,5B070300
116,27,1,5B070300
116,302,1,5B070300
116,27,1,5B070300
116,27,1,5B070300
116,27,1,5B070300
116,13,1,5B070300
116,302,1,5B070300
116,302,1,5B070300
116,13,1,5B070300
116,45,1,5B070300
116,12,1,5B070300
116,27,1,5B070300
116,27,1,5B070300
116,27,1,5B070300
116,2,1,5B070300
116,13,1,5B070300
116,27,1,5B070300
116,53,1,5B070300
116,69,1,5B070300
116,27,1,5B070300
116,27,1,5B070300
116,45,1,5B070300
116,302,1,5B070300
116,13,1,5B070300
116,302,1,5B070300
116,302,1,5B070300
116,13,1,5B070300
116,13,1,5B070300
116,45,1,5B070300
116,69,1,5B070300
116,45,1,5B070300
116,27,1,5B070300
116,69,1,5B070300
116,45,1,5B070300
116,13,1,5B070300
116,10,1,5B070300
116,29,1,5B070300
116,27,1,5B070300
116,45,1,5B070300
116,29,1,5B070300
115,57,1,5B070300
115,13,1,5B070300
115,302,1,5B070300
115,5,1,5B070300
115,13,1,5B070300
115,302,1,5B070300
115,36,1,5B070300
115,27,1,5B070300
115,57,1,5B070300
115,57,1,5B070300
115,302,1,5B070300
115,302,1,5B070300
115,302,1,5B070300
115,302,1,5B070300
115,42,1,5B070300
115,302,1,5B070300
115,27,1,5B070300
115,302,1,5B070300
115,302,1,5B070300
115,27,1,5B070300
115,13,1,5B070300
115,2,1,5B070300
115,302,1,5B070300
115,13,1,5B070300
115,13,1,5B070300
115,2,1,5B070300
115,29,1,5B070300
115,36,1,5B070300
115,302,1,5B070300
115,2,1,5B070300
115,13,1,5B070300
115,27,1,5B070300
115,27,1,5B070300
115,13,1,5B070300
115,302,1,5B070300
115,302,1,5B070300
115,13,1,5B070300
115,302,1,5B070300
115,302,1,5B070300
115,302,1,5B070300
115,45,1,5B070300
115,13,1,5B070300
115,302,1,5B070300
115,57,1,5B070300
115,302,1,5B070300
115,13,1,5B070300
115,27,1,5B070300
115,302,1,5B070300
115,13,1,5B070300
115,13,1,5B070300
115,13,1,5B070300
115,69,1,5B070300
115,302,1,5B070300
115,27,1,5B070300
115,13,1,5B070300
115,302,1,5B070300
115,13,1,5B070300
115,45,1,5B070300
115,69,1,5B070300
115,21,1,5B070300
115,27,1,5B070300
115,27,1,5B070300
115,12,1,5B070300
115,27,1,5B070300
115,302,1,5B070300
115,2,1,5B070300
115,43,1,5B070300
115,27,1,5B070300
115,57,1,5B070300
115,27,1,5B070300
115,302,1,5B070300
115,3,1,5B070300
115,13,1,5B070300
115,45,1,5B070300
115,302,1,5B070300
115,13,1,5B070300
115,43,1,5B070300
115,38,1,5B070300
115,57,1,5B070300
115,24,1,5B070300
115,27,1,5B070300
115,36,1,5B070300
114,13,1,5B070300
114,5,1,5B070300
114,27,1,5B070300
114,45,1,5B070300
114,13,1,5B070300
114,13,1,5B070300
114,27,1,5B070300
114,27,1,5B070300
114,36,1,5B070300
114,38,1,5B070300
114,13,1,5B070300
114,27,1,5B070300
114,302,1,5B070300
114,13,1,5B070300
114,27,1,5B070300
114,302,1,5B070300
114,27,1,5B070300
114,302,1,5B070300
114,29,1,5B070300
114,38,1,5B070300
114,13,1,5B070300
114,302,1,5B070300
114,29,1,5B070300
114,302,1,5B070300
114,27,1,5B070300
114,13,1,5B070300
114,45,1,5B070300
114,13,1,5B070300
114,302,1,5B070300
114,13,1,5B070300
114,27,1,5B070300
114,27,1,5B070300
114,302,1,5B070300
114,13,1,5B070300
114,45,1,5B070300
114,45,1,5B070300
114,302,1,5B070300
114,27,1,5B070300
114,45,1,5B070300
114,13,1,5B070300
114,302,1,5B070300
114,13,1,5B070300
114,45,1,5B070300
114,27,1,5B070300
114,13,1,5B070300
114,27,1,5B070300
114,27,1,5B070300
114,13,1,5B070300
114,302,1,5B070300
114,45,1,5B070300
114,53,1,5B070300
114,45,1,5B070300
113,27,1,5B070300
113,27,1,5B070300
113,302,1,5B070300
113,27,1,5B070300
113,27,1,5B070300
113,27,1,5B070300
113,29,1,5B070300
113,302,1,5B070300
113,27,1,5B070300
113,302,1,5B070300
113,27,1,5B070300
113,27,1,5B070300
113,45,1,5B070300
113,27,1,5B070300
113,57,1,5B070300
113,27,1,5B070300
113,45,1,5B070300
113,302,1,5B070300
113,302,1,5B070300
113,302,1,5B070300
113,302,1,5B070300
113,27,1,5B070300
113,27,1,5B070300
113,27,1,5B070300
113,27,1,5B070300
113,11,1,5B070300
113,69,1,5B070300
113,302,1,5B070300
113,302,1,5B070300
113,29,1,5B070300
113,302,1,5B070300
113,29,1,5B070300
113,302,1,5B070300
113,27,1,5B070300
113,302,1,5B070300
113,13,1,5B070300
113,29,1,5B070300
113,185,1,5B070300
113,302,1,5B070300
113,45,1,5B070300
113,12,1,5B070300
113,302,1,5B070300
113,12,1,5B070300
113,29,1,5B070300
113,302,1,5B070300
113,13,1,5B070300
113,27,1,5B070300
113,57,1,5B070300
113,27,1,5B070300
113,29,1,5B070300
113,5,1,5B070300
113,27,1,5B070300
113,69,1,5B070300
113,27,1,5B070300
113,27,1,5B070300
113,45,1,5B070300
113,27,1,5B070300
113,302,1,5B070300
113,27,1,5B070300
113,29,1,5B070300
113,27,1,5B070300
113,27,1,5B070300
112,27,1,5B070300
112,27,1,5B070300
112,57,1,5B070300
112,57,1,5B070300
112,29,1,5B070300
112,29,1,5B070300
112,27,1,5B070300
112,27,1,5B070300
112,27,1,5B070300
112,27,1,5B070300
112,13,1,5B070300
112,27,1,5B070300
112,13,1,5B070300
112,27,1,5B070300
112,302,1,5B070300
112,27,1,5B070300
112,45,1,5B070300
112,302,1,5B070300
112,13,1,5B070300
112,27,1,5B070300
112,13,1,5B070300
112,57,1,5B070300
112,27,1,5B070300
112,13,1,5B070300
112,302,1,5B070300
112,27,1,5B070300
112,13,1,5B070300
112,27,1,5B070300
112,27,1,5B070300
112,27,1,5B070300
112,45,1,5B070300
112,302,1,5B070300
112,12,1,5B070300
112,185,1,5B070300
112,302,1,5B070300
112,302,1,5B070300
112,27,1,5B070300
112,13,1,5B070300
112,302,1,5B070300
112,501,1,5B070300
112,13,1,5B070300
112,32,1,5B070300
112,57,1,5B070300
112,2,1,5B070300
112,40,1,5B070300
112,83,1,5B070300
112,13,1,5B070300
112,69,1,5B070300
112,29,1,5B070300
112,40,1,5B070300
112,13,1,5B070300
112,27,1,5B070300
112,27,1,5B070300
112,5,1,5B070300
112,12,1,5B070300
112,2,1,5B070300
112,27,1,5B070300
112,27,1,5B070300
112,27,1,5B070300
112,29,1,5B070300
112,5,1,5B070300
112,302,1,5B070300
112,27,1,5B070300
112,45,1,5B070300
112,27,1,5B070300
112,13,1,5B070300
112,24,1,5B070300
112,5,1,5B070300
112,302,1,5B070300
112,27,1,5B070300
112,57,1,5B070300
111,27,1,5B070300
111,302,1,5B070300
111,501,1,5B070300
111,302,1,5B070300
111,27,1,5B070300
111,27,1,5B070300
111,45,1,5B070300
111,37,1,5B070300
111,13,1,5B070300
111,302,1,5B070300
111,27,1,5B070300
111,302,1,5B070300
111,29,1,5B070300
111,42,1,5B070300
111,302,1,5B070300
111,29,1,5B070300
111,302,1,5B070300
111,302,1,5B070300
111,27,1,5B070300
111,29,1,5B070300
111,27,1,5B070300
111,27,1,5B070300
111,302,1,5B070300
111,27,1,5B070300
111,13,1,5B070300
111,24,1,5B070300
111,12,1,5B070300
111,302,1,5B070300
111,27,1,5B070300
111,302,1,5B070300
111,302,1,5B070300
111,27,1,5B070300
111,302,1,5B070300
111,27,1,5B070300
111,27,1,5B070300
111,302,1,5B070300
111,501,1,5B070300
111,27,1,5B070300
111,302,1,5B070300
111,29,1,5B070300
111,13,1,5B070300
111,29,1,5B070300
111,302,1,5B070300
111,302,1,5B070300
111,27,1,5B070300
111,302,1,5B070300
111,302,1,5B070300
111,27,1,5B070300
111,93,1,5B070300
111,302,1,5B070300
111,27,1,5B070300
111,69,1,5B070300
111,36,1,5B070300
111,13,1,5B070300
111,27,1,5B070300
111,27,1,5B070300
111,12,1,5B070300
111,32,1,5B070300
111,13,1,5B070300
111,302,1,5B070300
111,29,1,5B070300
111,302,1,5B070300
111,57,1,5B070300
111,93,1,5B070300
111,27,1,5B070300
111,13,1,5B070300
111,83,1,5B070300
111,13,1,5B070300
111,45,1,5B070300
111,27,1,5B070300
111,302,1,5B070300
111,36,1,5B070300
111,27,1,5B070300
111,13,1,5B070300
111,45,1,5B070300
111,2,1,5B070300
111,13,1,5B070300
111,45,1,5B070300
111,45,1,5B070300
111,27,1,5B070300
110,13,1,5B070300
110,12,1,5B070300
110,302,1,5B070300
110,27,1,5B070300
110,302,1,5B070300
110,27,1,5B070300
110,27,1,5B070300
110,2,1,5B070300
110,21,1,5B070300
110,302,1,5B070300
110,27,1,5B070300
110,13,1,5B070300
110,27,1,5B070300
110,302,1,5B070300
110,27,1,5B070300
110,21,1,5B070300
110,302,1,5B070300
110,5,1,5B070300
110,302,1,5B070300
110,57,1,5B070300
110,57,1,5B070300
110,302,1,5B070300
110,29,1,5B070300
110,27,1,5B070300
110,38,1,5B070300
110,27,1,5B070300
110,27,1,5B070300
110,27,1,5B070300
110,13,1,5B070300
110,42,1,5B070300
110,302,1,5B070300
110,12,1,5B070300
110,34,1,5B070300
110,13,1,5B070300
110,13,1,5B070300
110,27,1,5B070300
110,302,1,5B070300
110,13,1,5B070300
110,13,1,5B070300
110,29,1,5B070300
110,45,1,5B070300
110,302,1,5B070300
110,302,1,5B070300
110,302,1,5B070300
110,36,1,5B070300
110,27,1,5B070300
110,302,1,5B070300
110,13,1,5B070300
110,302,1,5B070300
110,36,1,5B070300
110,27,1,5B070300
110,302,1,5B070300
110,13,1,5B070300
110,302,1,5B070300
110,12,1,5B070300
110,302,1,5B070300
110,27,1,5B070300
110,13,1,5B070300
110,27,1,5B070300
110,27,1,5B070300
110,13,1,5B070300
110,27,1,5B070300
110,302,1,5B070300
110,10,1,5B070300
110,302,1,5B070300
110,13,1,5B070300
110,302,1,5B070300
110,27,1,5B070300
110,29,1,5B070300
110,302,1,5B070300
110,5,1,5B070300
110,27,1,5B070300
110,42,1,5B070300
110,27,1,5B070300
110,27,1,5B070300
110,13,1,5B070300
110,13,1,5B070300
110,302,1,5B070300
110,69,1,5B070300
110,5,1,5B070300
110,5,1,5B070300
110,69,1,5B070300
110,21,1,5B070300
109,13,1,5B070300
109,302,1,5B070300
109,13,1,5B070300
109,302,1,5B070300
109,27,1,5B070300
109,27,1,5B070300
109,27,1,5B070300
109,27,1,5B070300
109,27,1,5B070300
109,13,1,5B070300
109,302,1,5B070300
109,13,1,5B070300
109,302,1,5B070300
109,13,1,5B070300
109,302,1,5B070300
109,5,1,5B070300
109,29,1,5B070300
109,57,1,5B070300
109,3,1,5B070300
109,57,1,5B070300
109,32,1,5B070300
109,27,1,5B070300
109,5,1,5B070300
109,27,1,5B070300
109,302,1,5B070300
109,302,1,5B070300
109,37,1,5B070300
109,57,1,5B070300
109,13,1,5B070300
109,27,1,5B070300
109,302,1,5B070300
109,27,1,5B070300
109,27,1,5B070300
109,27,1,5B070300
109,27,1,5B070300
109,27,1,5B070300
109,2,1,5B070300
109,13,1,5B070300
109,302,1,5B070300
109,5,1,5B070300
109,13,1,5B070300
109,302,1,5B070300
109,27,1,5B070300
109,27,1,5B070300
109,43,1,5B070300
109,12,1,5B070300
109,27,1,5B070300
109,13,1,5B070300
109,2,1,5B070300
109,27,1,5B070300
109,38,1,5B070300
109,302,1,5B070300
109,2,1,5B070300
109,57,1,5B070300
109,53,1,5B070300
109,3,1,5B070300
109,13,1,5B070300
109,13,1,5B070300
109,302,1,5B070300
109,13,1,5B070300
109,302,1,5B070300
109,29,1,5B070300
109,13,1,5B070300
109,27,1,5B070300
109,27,1,5B070300
109,27,1,5B070300
109,302,1,5B070300
109,45,1,5B070300
109,45,1,5B070300
109,302,1,5B070300
109,27,1,5B070300
109,13,1,5B070300
109,27,1,5B070300
109,38,1,5B070300
109,57,1,5B070300
109,36,1,5B070300
109,45,1,5B070300
109,45,1,5B070300
109,53,1,5B070300
109,13,1,5B070300
109,5,1,5B070300
109,53,1,5B070300
109,10,1,5B070300
108,13,1,5B070300
108,27,1,5B070300
108,13,1,5B070300
108,302,1,5B070300
108,27,1,5B070300
108,69,1,5B070300
108,13,1,5B070300
108,27,1,5B070300
108,27,1,5B070300
108,13,1,5B070300
108,83,1,5B070300
108,11,1,5B070300
108,13,1,5B070300
108,27,1,5B070300
108,302,1,5B070300
108,57,1,5B070300
108,27,1,5B070300
108,27,1,5B070300
108,45,1,5B070300
108,27,1,5B070300
108,27,1,5B070300
108,302,1,5B070300
108,27,1,5B070300
108,302,1,5B070300
108,27,1,5B070300
108,302,1,5B070300
108,13,1,5B070300
108,45,1,5B070300
108,27,1,5B070300
108,38,1,5B070300
108,57,1,5B070300
108,13,1,5B070300
108,13,1,5B070300
108,5,1,5B070300
108,57,1,5B070300
108,27,1,5B070300
108,2,1,5B070300
108,27,1,5B070300
108,29,1,5B070300
108,78,1,5B070300
108,27,1,5B070300
108,27,1,5B070300
108,13,1,5B070300
108,13,1,5B070300
108,45,1,5B070300
108,38,1,5B070300
108,302,1,5B070300
108,36,1,5B070300
108,19,1,5B070300
108,29,1,5B070300
108,57,1,5B070300
108,302,1,5B070300
108,29,1,5B070300
108,13,1,5B070300
108,35,1,5B070300
108,13,1,5B070300
108,302,1,5B070300
108,45,1,5B070300
108,45,1,5B070300
108,53,1,5B070300
108,27,1,5B070300
108,36,1,5B070300
108,27,1,5B070300
108,5,1,5B070300
107,13,1,5B070300
107,13,1,5B070300
107,13,1,5B070300
107,27,1,5B070300
107,57,1,5B070300
107,27,1,5B070300
107,302,1,5B070300
107,13,1,5B070300
107,27,1,5B070300
107,13,1,5B070300
107,13,1,5B070300
107,32,1,5B070300
107,32,1,5B070300
107,13,1,5B070300
107,27,1,5B070300
107,27,1,5B070300
107,57,1,5B070300
107,302,1,5B070300
107,27,1,5B070300
107,27,1,5B070300
107,13,1,5B070300
107,27,1,5B070300
107,45,1,5B070300
107,302,1,5B070300
107,27,1,5B070300
107,27,1,5B070300
107,302,1,5B070300
107,45,1,5B070300
107,27,1,5B070300
107,2,1,5B070300
107,2,1,5B070300
107,29,1,5B070300
107,302,1,5B070300
107,302,1,5B070300
107,13,1,5B070300
107,35,1,5B070300
107,302,1,5B070300
107,27,1,5B070300
107,32,1,5B070300
107,2,1,5B070300
107,2,1,5B070300
107,27,1,5B070300
107,27,1,5B070300
107,27,1,5B070300
107,27,1,5B070300
107,57,1,5B070300
107,27,1,5B070300
107,302,1,5B070300
107,29,1,5B070300
107,27,1,5B070300
107,57,1,5B070300
107,43,1,5B070300
107,45,1,5B070300
107,13,1,5B070300
107,29,1,5B070300
107,27,1,5B070300
107,45,1,5B070300
107,13,1,5B070300
107,57,1,5B070300
107,13,1,5B070300
107,27,1,5B070300
107,13,1,5B070300
107,13,1,5B070300
107,27,1,5B070300
107,57,1,5B070300
107,5,1,5B070300
107,27,1,5B070300
107,5,1,5B070300
107,7,1,5B070300
106,27,1,5B070300
106,27,1,5B070300
106,13,1,5B070300
106,302,1,5B070300
106,12,1,5B070300
106,57,1,5B070300
106,27,1,5B070300
106,182,1,5B070300
106,13,1,5B070300
106,27,1,5B070300
106,36,1,5B070300
106,27,1,5B070300
106,302,1,5B070300
106,2,1,5B070300
106,302,1,5B070300
106,302,1,5B070300
106,302,1,5B070300
106,27,1,5B070300
106,302,1,5B070300
106,302,1,5B070300
106,57,1,5B070300
106,43,1,5B070300
106,302,1,5B070300
106,27,1,5B070300
106,302,1,5B070300
106,13,1,5B070300
106,27,1,5B070300
106,27,1,5B070300
106,302,1,5B070300
106,29,1,5B070300
106,302,1,5B070300
106,27,1,5B070300
106,13,1,5B070300
106,57,1,5B070300
106,27,1,5B070300
106,38,1,5B070300
106,2,1,5B070300
106,57,1,5B070300
106,27,1,5B070300
106,32,1,5B070300
106,27,1,5B070300
106,13,1,5B070300
106,302,1,5B070300
106,12,1,5B070300
106,13,1,5B070300
106,45,1,5B070300
106,13,1,5B070300
106,27,1,5B070300
106,5,1,5B070300
106,38,1,5B070300
106,69,1,5B070300
106,42,1,5B070300
106,34,1,5B070300
106,53,1,5B070300
106,27,1,5B070300
106,38,1,5B070300
106,10,1,5B070300
106,36,1,5B070300
106,13,1,5B070300
106,36,1,5B070300
106,45,1,5B070300
106,5,1,5B070300
105,45,1,5B070300
105,27,1,5B070300
105,13,1,5B070300
105,69,1,5B070300
105,27,1,5B070300
105,27,1,5B070300
105,27,1,5B070300
105,302,1,5B070300
105,27,1,5B070300
105,13,1,5B070300
105,27,1,5B070300
105,27,1,5B070300
105,302,1,5B070300
105,27,1,5B070300
105,57,1,5B070300
105,45,1,5B070300
105,302,1,5B070300
105,27,1,5B070300
105,27,1,5B070300
105,13,1,5B070300
105,45,1,5B070300
105,69,1,5B070300
105,302,1,5B070300
105,27,1,5B070300
105,13,1,5B070300
105,29,1,5B070300
105,32,1,5B070300
105,27,1,5B070300
105,21,1,5B070300
105,27,1,5B070300
105,13,1,5B070300
105,13,1,5B070300
105,302,1,5B070300
105,2,1,5B070300
105,27,1,5B070300
105,29,1,5B070300
105,12,1,5B070300
105,27,1,5B070300
105,24,1,5B070300
105,27,1,5B070300
105,40,1,5B070300
105,2,1,5B070300
105,12,1,5B070300
105,27,1,5B070300
105,501,1,5B070300
105,5,1,5B070300
105,27,1,5B070300
105,19,1,5B070300
105,302,1,5B070300
105,302,1,5B070300
105,13,1,5B070300
105,69,1,5B070300
105,13,1,5B070300
105,13,1,5B070300
105,27,1,5B070300
105,27,1,5B070300
105,29,1,5B070300
105,302,1,5B070300
105,13,1,5B070300
105,29,1,5B070300
105,57,1,5B070300
105,27,1,5B070300
105,13,1,5B070300
105,12,1,5B070300
105,27,1,5B070300
105,45,1,5B070300
104,5,1,5B070300
104,302,1,5B070300
104,29,1,5B070300
104,13,1,5B070300
104,302,1,5B070300
104,13,1,5B070300
104,69,1,5B070300
104,13,1,5B070300
104,302,1,5B070300
104,69,1,5B070300
104,13,1,5B070300
104,302,1,5B070300
104,27,1,5B070300
104,27,1,5B070300
104,45,1,5B070300
104,27,1,5B070300
104,27,1,5B070300
104,13,1,5B070300
104,69,1,5B070300
104,27,1,5B070300
104,302,1,5B070300
104,27,1,5B070300
104,302,1,5B070300
104,45,1,5B070300
104,21,1,5B070300
104,13,1,5B070300
104,302,1,5B070300
104,27,1,5B070300
104,27,1,5B070300
104,27,1,5B070300
104,45,1,5B070300
104,13,1,5B070300
104,13,1,5B070300
104,45,1,5B070300
104,13,1,5B070300
104,13,1,5B070300
104,13,1,5B070300
104,69,1,5B070300
104,29,1,5B070300
104,302,1,5B070300
104,27,1,5B070300
104,15,1,5B070300
104,36,1,5B070300
104,5,1,5B070300
104,27,1,5B070300
104,5,0,5B070300
104,27,0,5B070300
104,13,0,5B070300
104,27,0,5B070300
104,29,0,5B070300
104,45,0,5B070300
104,27,0,5B070300
104,27,0,5B070300
104,16,0,5B070300
104,13,0,5B070300
104,38,0,5B070300
104,27,0,5B070300
104,27,0,5B070300
104,53,0,5B070300
104,38,0,5B070300
104,29,0,5B070300
104,29,0,5B070300
104,24,0,5B070300
104,36,0,5B070300
104,29,0,5B070300
104,13,0,5B070300
104,19,0,5B070300
104,5,0,5B070300
104,7,0,5B070300
103,27,0,5B070300
103,12,0,5B070300
103,12,0,5B070300
103,5,0,5B070300
103,13,0,5B070300
103,302,0,5B070300
103,27,0,5B070300
103,27,0,5B070300
103,27,0,5B070300
103,32,0,5B070300
103,302,0,5B070300
103,27,0,5B070300
103,302,0,5B070300
103,29,0,5B070300
103,13,0,5B070300
103,13,0,5B070300
103,27,0,5B070300
103,27,0,5B070300
103,302,0,5B070300
103,13,0,5B070300
103,302,0,5B070300
103,24,0,5B070300
103,13,0,5B070300
103,29,0,5B070300
103,13,0,5B070300
103,27,0,5B070300
103,37,0,5B070300
103,27,0,5B070300
103,7,0,5B070300
103,302,0,5B070300
102,69,0,5B070300
102,57,0,5B070300
102,38,0,5B070300
102,13,0,5B070300
102,27,0,5B070300
102,29,0,5B070300
102,302,0,5B070300
102,27,0,5B070300
102,27,0,5B070300
102,27,0,5B070300
102,13,0,5B070300
102,27,0,5B070300
102,13,0,5B070300
102,302,0,5B070300
102,27,0,5B070300
102,57,0,5B070300
102,27,0,5B070300
102,13,0,5B070300
102,36,0,5B070300
102,302,0,5B070300
102,45,0,5B070300
102,27,0,5B070300
102,27,0,5B070300
102,29,0,5B070300
102,2,0,5B070300
102,13,0,5B070300
102,57,0,5B070300
102,29,0,5B070300
102,2,0,5B070300
102,29,0,5B070300
102,27,0,5B070300
102,5,0,5B070300
102,13,0,5B070300
101,302,0,5B070300
101,27,0,5B070300
101,27,0,5B070300
101,302,0,5B070300
101,57,0,5B070300
101,27,0,5B070300
101,12,0,5B070300
101,27,0,5B070300
101,27,0,5B070300
101,122,0,5B070300
101,43,0,5B070300
101,27,0,5B070300
101,13,0,5B070300
101,27,0,5B070300
101,27,0,5B070300
101,29,0,5B070300
101,302,0,5B070300
101,45,0,5B070300
101,27,0,5B070300
101,57,0,5B070300
101,27,0,5B070300
101,29,0,5B070300
101,13,0,5B070300
101,7,0,5B070300
101,7,0,5B070300
101,19,0,5B070300
101,69,0,5B070300
101,13,0,5B070300
101,16,0,5B070300
101,53,0,5B070300
101,3,0,5B070300
100,27,0,5B070300
100,27,0,5B070300
100,38,0,5B070300
100,27,0,5B070300
100,12,0,5B070300
100,501,0,5B070300
100,27,0,5B070300
100,12,0,5B070300
100,27,0,5B070300
100,13,0,5B070300
100,27,0,5B070300
100,29,0,5B070300
100,19,0,5B070300
100,38,0,5B070300
100,29,0,5B070300
100,27,0,5B070300
100,27,0,5B070300
100,27,0,5B070300
100,302,0,5B070300
100,13,0,5B070300
100,29,0,5B070300
100,45,0,5B070300
100,57,0,5B070300
100,27,0,5B070300
100,11,0,5B070300
100,13,0,5B070300
100,42,0,5B070300
100,27,0,5B070300
100,27,0,5B070300
100,27,0,5B070300
99,57,0,5B070300
99,302,0,5B070300
99,27,0,5B070300
99,302,0,5B070300
99,27,0,5B070300
99,13,0,5B070300
99,3,0,5B070300
99,32,0,5B070300
99,302,0,5B070300
99,27,0,5B070300
99,57,0,5B070300
99,27,0,5B070300
99,45,0,5B070300
99,27,0,5B070300
99,27,0,5B070300
99,2,0,5B070300
99,27,0,5B070300
99,31,0,5B070300
99,27,0,5B070300
99,32,0,5B070300
99,302,0,5B070300
99,5,0,5B070300
99,29,0,5B070300
99,29,0,5B070300
99,43,0,5B070300
99,29,0,5B070300
99,27,0,5B070300
99,27,0,5B070300
99,69,0,5B070300
99,27,0,5B070300
99,45,0,5B070300
99,57,0,5B070300
99,57,0,5B070300
98,57,0,5B070300
98,13,0,5B070300
98,27,0,5B070300
98,29,0,5B070300
98,302,0,5B070300
98,13,0,5B070300
98,13,0,5B070300
98,302,0,5B070300
98,93,0,5B070300
98,69,0,5B070300
98,27,0,5B070300
98,13,0,5B070300
98,29,0,5B070300
98,27,0,5B070300
98,5,0,5B070300
98,29,0,5B070300
98,13,0,5B070300
98,5,0,5B070300
98,29,0,5B070300
98,19,0,5B070300
98,29,0,5B070300
98,93,0,5B070300
98,93,0,5B070300
98,43,0,5B070300
98,13,0,5B070300
98,160,0,5B070300
98,302,0,5B070300
98,29,0,5B070300
98,36,0,5B070300
98,27,0,5B070300
98,13,0,5B070300
97,13,0,5B070300
97,27,0,5B070300
97,29,0,5B070300
97,13,0,5B070300
97,302,0,5B070300
97,27,0,5B070300
97,29,0,5B070300
97,57,0,5B070300
97,27,0,5B070300
97,27,0,5B070300
97,57,0,5B070300
97,27,0,5B070300
97,45,0,5B070300
97,36,0,5B070300
97,29,0,5B070300
97,27,0,5B070300
97,13,0,5B070300
97,27,0,5B070300
97,27,0,5B070300
97,29,0,5B070300
97,19,0,5B070300
97,7,0,5B070300
97,13,0,5B070300
97,27,0,5B070300
97,29,0,5B070300
97,31,0,5B070300
97,12,0,5B070300
97,29,0,5B070300
97,16,0,5B070300
97,24,0,5B070300
96,13,0,5B070300
96,27,0,5B070300
96,27,0,5B070300
96,27,0,5B070300
96,32,0,5B070300
96,27,0,5B070300
96,24,0,5B070300
96,16,0,5B070300
96,13,0,5B070300
96,27,0,5B070300
96,93,0,5B070300
96,27,0,5B070300
96,57,0,5B070300
96,13,0,5B070300
96,43,0,5B070300
96,13,0,5B070300
96,27,0,5B070300
96,57,0,5B070300
96,5,0,5B070300
96,29,0,5B070300
96,27,0,5B070300
96,13,0,5B070300
96,13,0,5B070300
96,43,0,5B070300
96,7,0,5B070300
96,43,0,5B070300
96,29,0,5B070300
96,27,0,5B070300
96,29,0,5B070300
96,13,0,5B070300
96,2,0,5B070300
96,13,0,5B070300
96,13,0,5B070300
96,49,0,5B070300
96,13,0,5B070300
96,19,0,5B070300
96,13,0,5B070300
96,19,0,5B070300
96,69,0,5B070300
95,27,0,5B070300
95,302,0,5B070300
95,27,0,5B070300
95,27,0,5B070300
95,37,0,5B070300
95,27,0,5B070300
95,45,0,5B070300
95,29,0,5B070300
95,27,0,5B070300
95,27,0,5B070300
95,2,0,5B070300
95,24,0,5B070300
95,29,0,5B070300
95,38,0,5B070300
95,29,0,5B070300
95,27,0,5B070300
95,83,0,5B070300
95,27,0,5B070300
95,29,0,5B070300
95,302,0,5B070300
95,32,0,5B070300
95,5,0,5B070300
95,13,0,5B070300
95,29,0,5B070300
95,13,0,5B070300
95,7,0,5B070300
95,27,0,5B070300
95,19,0,5B070300
95,36,0,5B070300
95,29,0,5B070300
95,45,0,5B070300
95,13,0,5B070300
95,24,0,5B070300
95,19,0,5B070300
95,13,0,5B070300
95,13,0,5B070300
95,13,0,5B070300
95,5,0,5B070300
95,24,0,5B070300
94,13,0,5B070300
94,13,0,5B070300
94,27,0,5B070300
94,29,0,5B070300
94,13,0,5B070300
94,27,0,5B070300
94,29,0,5B070300
94,29,0,5B070300
94,42,0,5B070300
94,13,0,5B070300
94,2,0,5B070300
94,32,0,5B070300
94,2,0,5B070300
94,13,0,5B070300
94,13,0,5B070300
94,27,0,5B070300
94,302,0,5B070300
94,3,0,5B070300
94,2,0,5B070300
94,42,0,5B070300
94,29,0,5B070300
94,57,0,5B070300
94,27,0,5B070300
94,27,0,5B070300
94,27,0,5B070300
94,43,0,5B070300
94,302,0,5B070300
94,43,0,5B070300
94,13,0,5B070300
94,45,0,5B070300
94,160,0,5B070300
94,13,0,5B070300
94,16,0,5B070300
94,29,0,5B070300
94,13,0,5B070300
94,501,0,5B070300
93,32,0,5B070300
93,27,0,5B070300
93,49,0,5B070300
93,27,0,5B070300
93,27,0,5B070300
93,27,0,5B070300
93,32,0,5B070300
93,27,0,5B070300
93,57,0,5B070300
93,38,0,5B070300
93,13,0,5B070300
93,27,0,5B070300
93,29,0,5B070300
93,24,0,5B070300
93,13,0,5B070300
93,29,0,5B070300
93,27,0,5B070300
93,27,0,5B070300
93,57,0,5B070300
93,13,0,5B070300
93,13,0,5B070300
93,57,0,5B070300
93,29,0,5B070300
93,57,0,5B070300
93,7,0,5B070300
93,185,0,5B070300
93,29,0,5B070300
93,5,0,5B070300
93,38,0,5B070300
93,32,0,5B070300
92,27,0,5B070300
92,29,0,5B070300
92,27,0,5B070300
92,27,0,5B070300
92,32,0,5B070300
92,27,0,5B070300
92,13,0,5B070300
92,27,0,5B070300
92,29,0,5B070300
92,29,0,5B070300
92,27,0,5B070300
92,29,0,5B070300
92,29,0,5B070300
92,13,0,5B070300
92,27,0,5B070300
92,29,0,5B070300
92,302,0,5B070300
92,29,0,5B070300
92,27,0,5B070300
92,83,0,5B070300
92,29,0,5B070300
92,27,0,5B070300
92,57,0,5B070300
92,27,0,5B070300
92,21,0,5B070300
92,29,0,5B070300
92,302,0,5B070300
92,32,0,5B070300
92,5,0,5B070300
92,45,0,5B070300
92,27,0,5B070300
92,69,0,5B070300
92,96,0,5B070300
91,53,0,5B070300
91,15,0,5B070300
91,32,0,5B070300
91,45,0,5B070300
91,11,0,5B070300
91,31,0,5B070300
91,27,0,5B070300
91,27,0,5B070300
91,12,0,5B070300
91,57,0,5B070300
91,29,0,5B070300
91,29,0,5B070300
91,29,0,5B070300
91,19,0,5B070300
91,24,0,5B070300
91,27,0,5B070300
91,5,0,5B070300
91,29,0,5B070300
91,27,0,5B070300
91,12,0,5B070300
91,302,0,5B070300
91,42,0,5B070300
91,40,0,5B070300
91,45,0,5B070300
91,24,0,5B070300
91,29,0,5B070300
91,27,0,5B070300
91,19,0,5B070300
91,302,0,5B070300
91,5,0,5B070300
91,29,0,5B070300
91,43,0,5B070300
91,27,0,5B070300
91,11,0,5B070300
91,501,0,5B070300
90,31,0,5B070300
90,29,0,5B070300
90,27,0,5B070300
90,27,0,5B070300
90,29,0,5B070300
90,57,0,5B070300
90,29,0,5B070300
90,27,0,5B070300
90,29,0,5B070300
90,42,0,5B070300
90,27,0,5B070300
90,83,0,5B070300
90,24,0,5B070300
90,57,0,5B070300
90,27,0,5B070300
90,27,0,5B070300
90,38,0,5B070300
90,53,0,5B070300
90,13,0,5B070300
90,29,0,5B070300
90,5,0,5B070300
90,27,0,5B070300
90,32,0,5B070300
90,7,0,5B070300
90,45,0,5B070300
90,5,0,5B070300
90,45,0,5B070300
90,57,0,5B070300
90,37,0,5B070300
90,36,0,5B070300
90,19,0,5B070300
89,57,0,5B070300
89,29,0,5B070300
89,29,0,5B070300
89,29,0,5B070300
89,29,0,5B070300
89,13,0,5B070300
89,29,0,5B070300
89,57,0,5B070300
89,13,0,5B070300
89,27,0,5B070300
89,29,0,5B070300
89,16,0,5B070300
89,57,0,5B070300
89,29,0,5B070300
89,302,0,5B070300
89,13,0,5B070300
89,29,0,5B070300
89,57,0,5B070300
89,5,0,5B070300
89,40,0,5B070300
89,57,0,5B070300
89,29,0,5B070300
89,40,0,5B070300
89,53,0,5B070300
89,57,0,5B070300
89,45,0,5B070300
89,29,0,5B070300
89,36,0,5B070300
89,302,0,5B070300
89,53,0,5B070300
89,53,0,5B070300
88,57,0,5B070300
88,29,0,5B070300
88,27,0,5B070300
88,27,0,5B070300
88,302,0,5B070300
88,302,0,5B070300
88,12,0,5B070300
88,27,0,5B070300
88,27,0,5B070300
88,24,0,5B070300
88,27,0,5B070300
88,27,0,5B070300
88,27,0,5B070300
88,27,0,5B070300
88,29,0,5B070300
88,191,0,5B070300
88,29,0,5B070300
88,32,0,5B070300
88,29,0,5B070300
88,29,0,5B070300
88,13,0,5B070300
88,29,0,5B070300
88,3,0,5B070300
88,36,0,5B070300
88,13,0,5B070300
88,27,0,5B070300
88,302,0,5B070300
88,31,0,5B070300
88,40,0,5B070300
88,53,0,5B070300
87,27,0,5B070300
87,5,0,5B070300
87,501,0,5B070300
87,27,0,5B070300
87,29,0,5B070300
87,141,0,5B070300
87,93,0,5B070300
87,16,0,5B070300
87,19,0,5B070300
87,7,0,5B070300
87,19,0,5B070300
87,57,0,5B070300
87,27,0,5B070300
87,29,0,5B070300
87,27,0,5B070300
87,27,0,5B070300
87,10,0,5B070300
87,57,0,5B070300
87,5,0,5B070300
87,13,0,5B070300
87,53,0,5B070300
87,45,0,5B070300
86,27,0,5B070300
86,40,0,5B070300
86,19,0,5B070300
86,7,0,5B070300
86,2,0,5B070300
86,302,0,5B070300
86,27,0,5B070300
86,29,0,5B070300
86,21,0,5B070300
86,45,0,5B070300
86,13,0,5B070300
86,29,0,5B070300
86,29,0,5B070300
86,27,0,5B070300
86,13,0,5B070300
86,2,0,5B070300
86,32,0,5B070300
86,29,0,5B070300
86,29,0,5B070300
86,45,0,5B070300
86,32,0,5B070300
86,13,0,5B070300
86,29,0,5B070300
86,12,0,5B070300
86,38,0,5B070300
86,2,0,5B070300
86,27,0,5B070300
86,2,0,5B070300
86,36,0,5B070300
86,27,0,5B070300
86,32,0,5B070300
86,7,0,5B070300
86,53,0,5B070300
86,53,0,5B070300
86,24,0,5B070300
86,57,0,5B070300
86,2,0,5B070300
86,83,0,5B070300
86,182,0,5B070300
86,13,0,5B070300
86,31,0,5B070300
86,7,0,5B070300
86,21,0,5B070300
86,53,0,5B070300
86,29,0,5B070300
86,57,0,5B070300
86,57,0,5B070300
86,2,0,5B070300
86,29,0,5B070300
86,3,0,5B070300
85,13,0,5B070300
85,27,0,5B070300
85,29,0,5B070300
85,29,0,5B070300
85,57,0,5B070300
85,57,0,5B070300
85,12,0,5B070300
85,27,0,5B070300
85,2,0,5B070300
85,29,0,5B070300
85,32,0,5B070300
85,31,0,5B070300
85,53,0,5B070300
85,3,0,5B070300
85,57,0,5B070300
85,57,0,5B070300
85,302,0,5B070300
85,29,0,5B070300
85,12,0,5B070300
85,57,0,5B070300
85,43,0,5B070300
85,45,0,5B070300
85,13,0,5B070300
85,2,0,5B070300
85,5,0,5B070300
85,501,0,5B070300
85,13,0,5B070300
85,29,0,5B070300
84,13,0,5B070300
84,13,0,5B070300
84,2,0,5B070300
84,10,0,5B070300
84,13,0,5B070300
84,27,0,5B070300
84,27,0,5B070300
84,29,0,5B070300
84,57,0,5B070300
84,36,0,5B070300
84,5,0,5B070300
84,13,0,5B070300
84,69,0,5B070300
84,35,0,5B070300
84,27,0,5B070300
84,32,0,5B070300
84,29,0,5B070300
84,27,0,5B070300
84,29,0,5B070300
84,53,0,5B070300
84,32,0,5B070300
84,29,0,5B070300
84,27,0,5B070300
84,13,0,5B070300
84,27,0,5B070300
84,302,0,5B070300
84,32,0,5B070300
84,32,0,5B070300
84,13,0,5B070300
84,182,0,5B070300
84,53,0,5B070300
84,10,0,5B070300
84,53,0,5B070300
84,36,0,5B070300
83,13,0,5B070300
83,13,0,5B070300
83,29,0,5B070300
83,21,0,5B070300
83,29,0,5B070300
83,37,0,5B070300
83,27,0,5B070300
83,13,0,5B070300
83,29,0,5B070300
83,27,0,5B070300
83,13,0,5B070300
83,19,0,5B070300
83,29,0,5B070300
83,11,0,5B070300
83,57,0,5B070300
83,13,0,5B070300
83,11,0,5B070300
83,2,0,5B070300
83,3,0,5B070300
83,5,0,5B070300
82,25,0,5B070300
82,27,0,5B070300
82,34,0,5B070300
82,27,0,5B070300
82,29,0,5B070300
82,29,0,5B070300
82,13,0,5B070300
82,27,0,5B070300
82,42,0,5B070300
82,11,0,5B070300
82,35,0,5B070300
82,302,0,5B070300
82,29,0,5B070300
82,27,0,5B070300
82,57,0,5B070300
82,32,0,5B070300
82,27,0,5B070300
82,27,0,5B070300
82,29,0,5B070300
82,7,0,5B070300
,,,
137,13,1,5B100200
134,27,1,5B100200
133,27,1,5B100200
133,13,1,5B100200
133,13,1,5B100200
132,27,1,5B100200
132,27,1,5B100200
132,27,1,5B100200
132,27,1,5B100200
132,13,1,5B100200
132,13,1,5B100200
131,13,1,5B100200
131,29,1,5B100200
131,27,1,5B100200
131,27,1,5B100200
131,27,1,
131,27,1,
130,27,1,
130,27,1,
130,13,1,
130,27,1,
130,13,1,
130,13,1,
130,13,1,
130,27,1,
130,27,1,
130,27,1,
129,27,1,
129,13,1,
129,27,1,
129,57,1,
129,13,1,
129,57,1,
129,29,1,
129,13,1,
129,57,1,
129,27,1,
129,13,1,
129,27,1,
129,27,1,
129,27,1,
128,57,1,
128,27,1,
128,57,1,
128,57,1,
128,27,1,
128,57,1,
128,27,1,
128,27,1,
128,57,1,
128,13,1,
128,27,1,
128,13,1,
128,27,1,
128,57,1,
128,27,1,
127,13,1,
127,13,1,
127,13,1,
127,32,1,
127,13,1,
127,27,1,
127,27,1,
127,13,1,
127,27,1,
127,27,1,
127,13,1,
127,27,1,
127,13,1,
127,27,1,
127,27,1,
127,27,1,
127,13,1,
127,27,1,
127,13,1,
127,27,1,
127,27,1,
126,27,1,
126,27,1,
126,27,1,
126,27,1,
126,13,1,
126,13,1,
126,13,1,
126,57,1,
126,29,1,
126,27,1,
125,27,1,
125,27,1,
125,57,1,
125,27,1,
125,13,1,
125,27,1,
125,29,1,
125,27,1,
125,13,1,
125,13,1,
125,13,1,
125,27,1,
125,13,1,
125,27,1,
125,13,1,
125,13,1,
125,27,1,
125,29,1,
125,27,1,
125,13,1,
125,57,1,
125,27,1,
125,57,1,
125,57,1,
125,27,1,
125,27,1,
125,13,1,
124,13,1,
124,13,1,
124,57,1,
124,27,1,
124,13,1,
124,27,1,
124,13,1,
124,27,1,
124,27,1,
124,57,1,
124,13,1,
124,13,1,
124,13,1,
124,27,1,
124,27,1,
124,27,1,
124,27,1,
124,27,1,
124,27,1,
124,57,1,
123,13,1,
123,57,1,
123,27,1,
123,27,1,
123,13,1,
123,13,1,
123,27,1,
123,57,1,
123,13,1,
123,27,1,
123,13,1,
123,27,1,
123,13,1,
123,13,1,
123,27,1,
123,27,1,
123,27,1,
123,29,1,
123,13,1,
123,27,1,
122,13,1,
122,27,1,
122,13,1,
122,13,1,
122,27,1,
122,27,1,
122,13,1,
122,27,1,
122,27,1,
122,27,1,
122,27,1,
122,27,1,
122,27,1,
122,57,1,
122,57,1,
122,27,1,
122,27,1,
122,27,1,
121,27,1,
121,13,1,
121,27,1,
121,27,1,
121,27,1,
121,27,1,
121,57,1,
121,27,1,
121,13,1,
121,27,1,
121,27,1,
121,13,1,
121,57,1,
121,13,1,
121,13,1,
121,27,1,
121,57,1,
121,29,1,
121,57,1,
121,57,1,
121,29,1,
121,27,1,
121,13,1,
121,57,1,
121,13,1,
121,27,1,
121,13,1,
120,27,1,
120,13,1,
120,27,1,
120,13,1,
120,27,1,
120,27,1,
120,27,1,
120,29,1,
120,13,1,
120,27,1,
120,13,1,
120,27,1,
120,13,1,
120,13,1,
120,57,1,
120,13,1,
120,57,1,
120,57,1,
120,27,1,
120,29,1,
120,27,1,
120,27,1,
120,29,1,
120,29,1,
119,27,1,
119,57,1,
119,27,1,
119,13,1,
119,13,1,
119,27,1,
119,29,1,
119,29,1,
119,27,1,
119,13,1,
119,57,1,
119,13,1,
119,57,1,
119,57,1,
119,13,1,
119,57,1,
119,13,1,
119,57,1,
119,27,1,
119,13,1,
119,13,1,
119,29,1,
119,13,1,
119,27,1,
118,27,1,
118,13,1,
118,27,1,
118,27,1,
118,27,1,
118,13,1,
118,27,1,
118,57,1,
118,29,1,
118,13,1,
118,29,1,
118,13,1,
118,27,1,
118,57,1,
118,27,1,
118,13,1,
118,27,1,
118,27,1,
118,13,1,
118,13,1,
117,27,1,
117,13,1,
117,32,1,
117,27,1,
117,27,1,
117,13,1,
117,29,1,
117,57,1,
117,29,1,
117,27,1,
117,27,1,
117,27,1,
117,13,1,
117,13,1,
117,27,1,
117,27,1,
117,13,1,
116,57,1,
116,29,1,
116,29,1,
116,13,1,
116,32,1,
116,13,1,
116,13,1,
116,13,1,
116,13,1,
116,29,1,
116,29,1,
116,57,1,
116,57,1,
116,57,1,
116,13,1,
116,27,1,
116,57,1,
116,13,1,
115,27,1,
115,57,1,
115,29,1,
115,27,1,
115,27,1,
115,13,1,
115,13,1,
115,29,1,
115,29,1,
115,13,1,
115,27,1,
115,27,1,
115,13,1,
115,13,1,
115,57,1,
114,27,1,
114,27,1,
114,13,1,
114,57,1,
114,13,1,
114,57,1,
114,27,1,
114,27,1,
114,27,1,
114,13,1,
114,57,1,
114,57,1,
114,27,1,
114,57,1,
114,13,1,
114,13,1,
113,27,1,
113,57,1,
113,27,1,
113,27,1,
113,29,1,
113,13,1,
113,29,1,
113,27,1,
113,27,1,
113,13,1,
112,27,1,
112,29,1,
112,27,1,
112,27,1,
112,57,1,
112,13,1,
112,27,1,
112,57,1,
112,13,1,
112,27,1,
112,57,1,
112,27,1,
112,27,1,
112,27,1,
112,13,1,
112,27,1,
112,27,1,
112,13,1,
112,13,1,
112,27,1,
111,27,1,
111,29,1,
111,13,1,
111,13,1,
111,27,1,
111,13,1,
111,27,1,
111,27,1,
111,57,1,
111,13,1,
111,57,1,
111,27,1,
111,13,1,
111,29,1,
111,27,1,
111,13,1,
111,27,1,
110,29,1,
110,27,1,
110,57,1,
110,27,1,
110,13,1,
110,13,1,
110,29,1,
110,29,1,
110,29,1,
110,27,1,
110,27,1,
110,13,1,
110,27,1,
110,27,1,
110,27,1,
110,13,1,
110,13,1,
110,57,1,
110,27,1,
110,27,1,
109,29,1,
109,57,1,
109,13,1,
109,57,1,
109,27,1,
109,13,1,
109,27,1,
109,27,1,
109,27,1,
109,13,1,
109,29,1,
109,29,1,
109,13,1,
109,13,1,
109,27,1,
108,29,1,
108,57,1,
108,13,1,
108,57,1,
108,27,1,
108,27,1,
108,13,1,
108,57,1,
108,29,1,
108,57,1,
108,32,1,
108,27,1,
107,13,1,
107,13,1,
107,27,1,
107,27,1,
107,29,1,
107,13,1,
107,27,1,
107,13,1,
107,13,1,
107,57,1,
107,27,1,
107,27,1,
107,57,1,
107,27,1,
107,57,1,
107,27,1,
107,57,1,
106,57,1,
106,13,1,
106,29,1,
106,13,1,
106,29,1,
106,29,1,
106,57,1,
106,27,1,
106,57,1,
106,57,1,
106,13,1,
105,32,1,
105,13,1,
105,29,1,
105,27,1,
105,29,1,
105,57,1,
105,57,1,
105,29,1,
105,13,1,
105,13,1,
105,27,1,
105,57,1,
105,27,1,
105,29,1,
105,13,1,
105,13,1,
104,32,1,
104,27,1,
104,57,1,
104,29,1,
104,29,1,
104,32,1,
104,27,1,
104,29,1,
104,27,1,
104,13,1,
104,32,1,
104,29,1,
104,13,1,
104,57,1,
104,13,1,
104,13,1,
104,27,1,
104,57,1,
104,57,1,
103,27,1,
103,32,1,
103,29,1,
103,27,1,
103,27,1,
103,27,1,
103,27,1,
103,13,1,
103,32,1,
103,13,1,
103,29,1,
103,13,1,
102,27,1,
102,27,1,
102,29,1,
102,57,1,
102,29,1,
102,13,1,
102,29,1,
102,32,1,
102,29,1,
102,13,1,
102,32,1,
102,29,1,
102,13,1,
102,27,1,
102,13,1,
101,27,1,
101,57,1,
101,27,1,
101,29,1,
101,13,1,
101,57,1,
101,32,1,
101,29,1,
101,27,1,
101,32,1,
101,13,1,
101,13,1,
101,29,1,
101,13,1,
101,29,1,
101,29,1,
101,57,1,
101,13,1,
101,29,1,
101,29,1,
100,27,1,
100,57,1,
100,32,1,
100,57,1,
100,27,1,
100,29,1,
100,29,1,
100,29,1,
100,13,1,
100,13,1,
100,29,1,
100,32,1,
100,27,1,
99,13,1,
99,27,1,
99,27,1,
99,29,1,
99,32,1,
99,27,1,
99,32,1,
99,29,1,
99,57,1,
99,13,1,
99,29,1,
99,32,1,
99,57,1,
99,27,1,
98,29,1,
98,29,1,
98,13,1,
98,27,1,
98,57,1,
98,29,1,
98,27,1,
98,27,1,
98,29,1,
98,13,1,
98,13,1,
97,13,1,
97,57,1,
97,27,1,
97,57,1,
97,13,1,
97,27,1,
97,13,1,
97,27,1,
97,57,1,
96,27,1,
96,57,1,
96,13,1,
96,29,1,
96,57,1,
96,13,1,
96,57,1,
96,29,1,
96,57,1,
96,13,1,
96,27,1,
95,13,1,
95,57,1,
95,29,1,
95,57,1,
95,32,1,
95,57,1,
95,29,1,
95,13,1,
95,29,1,